text,sentiment
Just got back from seeing @GaryDelaney in Burslem. AMAZING!! Face still hurts from laughing so much #hilarious,joy
Oh dear an evening of absolute hilarity I don't think I have laughed so much in a long time! ðŸ˜‚,joy
Been waiting all week for this game â¤ï¸â¤ï¸â¤ï¸ #cheer #friday â¤ï¸,joy
"@gardiner_love : Thank you so much, Gloria! You're so sweet, and thoughtful! You just made my day more joyful! I love you too! ðŸ˜ŠðŸ’•",joy
"I feel so blessed to work with the family that I nanny for â¤ï¸ nothing but love &amp; appreciation, makes me smile.",joy
"Today I reached 1000 subscribers on YT!! , #goodday, #thankful",joy
"@Singaholic121 Good morning, love! Happy first day of fall. Let's make some awesome #autumnmemories #annabailey #laughter #smile",joy
"#BridgetJonesBaby is the best thing I've seen in ages! So funny, I've missed Bridget! #love  #TeamMark",joy
Just got back from seeing @GaryDelaney in Burslem. AMAZING!! Face still hurts from laughing so much ,joy
"@IndyMN I thought the holidays could not get any more cheerful, and then I met you. #TheNiceBot",joy
I'm just still . So happy .\nA blast,joy
It's meant to be!! #happy #happy,joy
ðŸ’¥âš–ï¸Yeahâ€¼ï¸ PAULâ€¼ï¸âš–ï¸ðŸ’¥  #glorious #BB18,joy
My morning started off amazing!! Hopefully the whole day is going as i want it to go!\n #GreatDay ,joy
ðŸ˜± @cailamarsai you've had me ðŸ˜‚ ðŸ˜‚ the whole time watching @black_ishABC after you've lost your #glasses! It was #hilarious! @mrbabyboogaloo,joy
@iamTinaDatta love you so much #smile ðŸ˜ŠðŸ˜Š,joy
"@WyoWiseGuy @LivingVertical however, REI did offer me the job today as well. Can't believe how exponentially freaking joyous I feel...!!!",joy
2 days until #GoPackGo and 23 days until #GoGipeGo..... I'm so excited! #smiling,joy
@TheMandyMoore You are beyond wonderful.  Your singing prowess is phenomenal but damn... I'm just elated to watch you act again. #ThisIsUs ï¤—,joy
"@luckiiCHARM_ Luckii, I'm changing in so many ways bc of Him!! It's a scary but joyful feeling, making me so strong.",joy
@JoshNoneYaBiz I love parody accounts! Well done. Vote for #Trump. #lol #hilarious,joy
"When you wake up from a dream laughing at something stupid, and that makes you laugh more #hilarious",joy
"now that I have my future planned out, I feel so much happier #goals #life #happy #igotthis #yay",joy
Online now !!!:) all day come play with me !! I'm happy happy horny playful sweet sour;),joy
@grahnort wonderful experience watching you yesterday at. @BBCLetItShine thankyou for the #laughter,joy
@itsyourgirl_Z happy birthday :) have a blessed day love from Toronto :) #bday ,joy
@WSJNordics You make the world a more joyful place. #TheNiceBot,joy
Morning all! Of course it is sunny on this Monday morning to cheerfully welcome us back to work.:),joy
"@Singaholic121 Good morning, love! Happy first day of fall. Let's make some awesome #autumnmemories #annabailey  ",joy
It's the #FirstDayofFall and I'm so happy. Sipping my #PumpkinSpice flavored coffee and #smiling! Happy Fall everyone! #amwriting,joy
Retweeted GunnySmith93 (@Stephen21Smith):\n\nDays like today I am happy to be alive! #blessed #rejoice,joy
@ADenkyirah Happy birthday! Hope you have a wonderful day filled with lots of joy and laughter &lt;3 (despite tumblr being a jerk- once again),joy
LOVE LOVE LOVE  #fun #relaxationiskey,joy
"This is the day You've made, \n\nLet us rehoi rejoice and be glad with all that I am. \n\nðŸ˜ŠðŸ’–\n\n#aja \nGood morning!!!!",joy
I #love to #laugh and share #laughter as way to share #joy,joy
second day on the job and i already got a 45 dollar tip from a dude whose was constantly twitching his eye LOLOLOL #cheering,joy
I'm such a fan of endless #laughter with #friends and enjoying #happiness together. #FridayFeeling #weekend,joy
the thought of you gets me through my day. the thought of your smile never fails at making me smile ðŸ’š,joy
"Today I reached 1000 subscribers on YT!! #happy, #goodday, #thankful",joy
Getting my comedic relief w/ @SofiaVergara during season premiere of #ModernFamily. Just what a girl needs! #hilarious,joy
@palmtreesarah @WorthingTheatre had more fun than the funniest person in funsville..... Much hilarity as usual.... Thank you â¤ï¸,joy
@shwood @mpforstein OMD you 2 are cracking me up! Thanks for the follow Brian. I need some levity to balance the cynicism I share w/MichaelðŸ˜€,joy
"@DorH84607784 Oh FANTASTIC, I bet it was super exhilarating  ðŸ¤—ðŸ˜",joy
@ContourCosmetic well done ladies! A great award for an amazing team. A delight to present the award to you.,joy
Vals always smiling I love it #gbbo,joy
Had a great time at Skywalkers open gym tonight! Come our every Wednesday from 7-8 in Hillsboro and train with us! #opengym #cheer #tumbling,joy
I love how cheery and adoring @JackHoward gets every time he produces new content.,joy
Good morning joyful people. Choose happiness to have a great day today #morning #joyful #happiness #grandmercurejktkemayoran,joy
Retweeted GunnySmith93 (@Stephen21Smith):\n\nDays like today I am happy to be alive! #blessed ,joy
"Wishing a very Happy Birthday to our awesome dancer, Ruthann!!! We hope your day is magical! #bday  #eatcake",joy
Thank you @twitter for the balloons today. #smile #goodday #48,joy
Omg. You've got to watch the new series 'This is Us'.....wow. Best tv show I've seen in a long time.\n#tears #laughter #moretears,joy
Today is the first time any math professor let us live early before the class time !!! #15 min #feelsgood #happy #wednesday #,joy
Food that gets delivered ðŸ˜ðŸ™ŒðŸ» #cheering #happy,joy
You know you're in love when all you can do is smile whenever you talk about how he is to someone.,joy
What a #lively #lovely #shower ðŸ˜‡ ..,joy
"What a great training course, lots of photos, fun and laughter. Photo's will be up soon #Boostercourse #fun #laughter",joy
@EmmyMitchell_  hahahaha you're ridiculous!!! But thank you a joyous evening xx,joy
I am so happy I have come across @HilltopBindery notebooks! #handmade would love to talk to you! #musthave #want #need #happy #amazing ðŸ“–ðŸ–‹,joy
second day on the job and i already got a 45 dollar tip from a dude whose was constantly twitching his eye LOLOLOL ,joy
Made my night that @GordonReid91 Reid was included in tonight's hilarity. Some of those points were brilliant. Thanks @andy_murray,joy
"By the way, I'm wearing the smile you gave me today. \n #you #me ",joy
@airvistara as always it was indeed a wonderful experience flying with you guys today #bestinbusiness #delight #happyme,joy
"@alpuzz Ah, but once I got it to work, there was much rejoicing! Lol thanks will get it to do taht now.",joy
Getting my comedic relief w/ @SofiaVergara during season premiere of #ModernFamily. Just what a girl needs! ,joy
"@MrHenvin Thank you, happy birthday to you as well!",joy
"I really love the customer service @LifeProof they're always so nice, helpful and cheerful !",joy
"@ChrisBooker @ThePerezHilton On PHP54  and though the Kardashian stuff goes over my head, you're both hilarious, like gleeful little boys ðŸ˜‚ðŸ˜‚",joy
"@TheSandraGal Glad to see that you're having fun in the sun. Water sports are always fun, challenging, and exhilarating. #happiness #beauty",joy
"May your day be filled with #peace#love n #laughter .Have a very nice day full of #Success #Jummah MubarakðŸ˜‡ , good morningâ˜• @WaseemBadami",joy
2 days until #GoPackGo and 23 days until #GoGipeGo..... I'm so excited! ,joy
It's funny that everyone came in my life as they like how far I'm cheerful and self confident could make me 3abla kaml fg2a kda ðŸ˜‚ðŸ˜‚ðŸ˜‚,joy
Happy Birthday @Brooke56_56  #cheerchick #jeep #jeepgirl #IDriveAJeep #jeepjeep #Cheer,joy
TheNiceBot: melbjs ;) Here is a smile and a wink from across the web. #TheNiceBot,joy
"A #smile brightens your day and the day of everyone around you, so remember to #smile, it's #free. :-)",joy
I'm watching joyful noise for 100000000 time cuz I love this movie and @KekePalmer,joy
"Indian time it's already ur birthday @akshaymarwah22. Have a stupendous birthday. Wish you more success, laughter and lots of love. Hugs. x",joy
"now that I have my future planned out, I feel so much happier #goals #life  #igotthis #yay",joy
"#BridgetJonesBaby is the best thing I've seen in ages! So funny, I've missed Bridget! #love #hilarious #TeamMark",joy
Had a great time at Skywalkers open gym tonight! Come our every Wednesday from 7-8 in Hillsboro and train with us! #opengym  #tumbling,joy
@jadelalaa_ hahaha and u da best bro ever luv u hearty hearts,joy
@morgannbroom yes â¤ï¸â¤ï¸ &amp; cheering homecoming game!,joy
I would like to congratulate the people of Saudi Arabia a happy and a joyous national day. May you all have a great time! #Ø§Ù„ÙŠÙˆÙ…_Ø§Ù„ÙˆØ·Ù†ÙŠ,joy
@JackAndJack I'm so lively for listenðŸ’—ðŸ˜€,joy
@Nick_Offerman I'll be there!! Can't wait for all the !,joy
@TheMandyMoore You are beyond wonderful.  Your singing prowess is phenomenal but damn... I'm just elated to watch you act again. #ThisIsUs ðŸ¤—,joy
@ahtareen1 @ReginalAleman @krelifa @zamansj64 @AwiexaB Very pleasing ty!,joy
@Zerfash â€” can't wait.' She said cheerfully and grinned.,joy
@madisenrb she's so sweet &amp; playful ðŸ˜,joy
"Good morning, Trondheim! #optimism #productivity â›…ï¸â¤ï¸ðŸ‡³ðŸ‡´ðŸ¢ðŸ’»ðŸ–¥ðŸ‹ðŸ»ðŸ’ªðŸ¼ðŸ“ºðŸ¿",joy
Thank you disney themed episode for letting me discover how amazing the @BlackishWriters are! #hilarious,joy
having a pet store worker ask 'do you want to play with them?' is the most exhilarating feeling,joy
@yoshi_lucky Good morning.Let's start with a smile!\nLet's enjoy life in a cheerful way!\nDon't worry be happy!,joy
Currently listening to @ScottFoxonair &amp; @KatCallaghan @Z1035Toronto podcasts!! Can you guys please move to #yvr ? #hilarious #missyou,joy
@Jen_Lee @mostlymartha @edotwoods we just found thin mints in a freezer clean. i couldn't be more elated.,joy
@Myahrissavietta I'm cheery now ðŸ˜˜ðŸ˜‰,joy
Probably the best OT period I've ever seen. Absolutely exhilarating. #WCH2016 #TeamNA,joy
Rewatching 'Raising Hope' (with hubs this time) and totally forgot how hilarious it is ðŸ˜‚ #HereWeGo,joy
@airvistara as always it was indeed a wonderful experience flying with you guys today #bestinbusiness  #happyme,joy
"@followAdamA looking back on recent tweets seen, this one right here is great #perfect #hilarious #Speechless #deal",joy
I found #marmite in Australia. `:) #happy,joy
@D_McMenemy It'll be easy to spot the parade of tiny weans in expensive jammies. Really is hilarious!,joy
"Wishing a very Happy Birthday to our awesome dancer, Ruthann!!! We hope your day is magical! #bday #happy #eatcake",joy
"I love seeing happy women, that glow is something real.",joy
Aw there's a young fox outside on the grass just jumping around all playful and having a little stretch ðŸ™ˆ soo cute ðŸº,joy
"North America vs Sweden is the most exhilarating hockey I've ever watched ðŸ˜… wow , mackinonns mitts are silky #TeamNA #WCH2016",joy
Just had #efficient #great #smiling service @AppleBelgique store. Impressive team of geniuses ready to redefine what customer service is!,joy
"By the way, I'm wearing the smile you gave me today. \n#you #me #smile",joy
Use your smile to change the world. Don't let the world change your smile.' #quote #actorslife  #love #hardworkpaysoff #fun,joy
You're so cute @katienolan #truelove #hilarious @GarbageTime #beautiful &amp; #graceful never heard explicits spoken with such elegance. #Mingo,joy
"Always be #cheerful, #smile often make others happy, care for others, help who feel helpless and #vulnerable. Life feels good #leadership",joy
"What a great training course, lots of photos, fun and laughter. Photo's will be up soon #Boostercourse #fun ",joy
LOVE LOVE LOVE #smile #fun #relaxationiskey,joy
@Matalan when the lady in Xmas dept answers your call as 'hello mrs Xmas' yep true story #winning #Xmas #cheer #goodcustomerservice â¤ ðŸ“žðŸ‘ðŸ˜Š,joy
Happy birthday @iRidhiDogra keep smiling always.Wishing you a wonderful year ahead mam,joy
"Good night, Twitter world! Wish you all good sleep / productive jovial days! :)",joy
@RobRiggle @joelmchale @NFLonFOX I still can't get jimmy garoppolo out of my head and it's been almost 3 weeks. Thanks a lot! #hilarious,joy
My friend just messaged me 'ugh I'm so hungry I can't wait for breakfast' #socialmedia #WineWednesday #hilarious #funny #laughing #happy,joy
Thank you disney themed episode for letting me discover how amazing the @BlackishWriters are! ,joy
@stackee Charlie attempted to suffocate me with a cushion for cheering so much at the great news ðŸ˜‚ðŸ˜‚,joy
@clonmacart I'm beaming with glee.,joy
Smile at people and see what happens.  I think you'll be surprised #smile more #surprisepeople #influenceinternational,joy
"Something about these cool, breezy fall days.. ðŸ˜ðŸ‚ðŸŒ¾ðŸ",joy
Food that gets delivered ðŸ˜ðŸ™ŒðŸ»  ,joy
@ArtyBagger With or without cake seeing your wee cheery face is always a joy xx,joy
"I am a simple human being who just really loves @aliciakeys like truly, madly, deeply rejoicing in her existence, class and queendom",joy
"I just really enjoy bright colors, like the colors you would see downtown Miami",joy
"Thanks for making our Mass with Fr. Vallely respectful, meaningful, and joyful @ACSSCrusader @AssumptionHCDSB ! #SeeWithEyesOfMercy",joy
Good morning joyful people. Choose happiness to have a great day today #morning  #happiness #grandmercurejktkemayoran,joy
@LiamJamesVernon love the optimism!! BLUE MOON!,joy
#ContentwiththeLordsPortion:O satisfy us early with thy #mercy;that we may #rejoice &amp; be glad all our days.#Ps 90:14 #gladness #joy #delight,joy
@RealestCastiel just sitting close to him for an extended period of time was exhilarating because he's so beautiful and lively lol,joy
TheNiceBot: WSJNordics You make the world a more joyful place. #TheNiceBot #Ø§Ù„Ø®ÙØ¬ÙŠ,joy
@PriiiincesssE thanks for distracting me from my paper to watch this hilarious video ðŸ˜‚,joy
@grahnort wonderful experience watching you yesterday at. @BBCLetItShine thankyou for the ,joy
@LindseySanford @simplymeasured this makes me giggle with glee!,joy
Live simply. Dream big. Be grateful. Give love. Laugh lots. - Unknown #quote #inspiration #happy,joy
Be #happy. Be #bright. Be YOU :) #identity #TimelessTips #friendship #family #forest #water #family #TrueLove #God #RoadSoFar #you #LifeTrip,joy
"When you wake up from a dream laughing at something stupid, and that makes you laugh more ",joy
@JoshNoneYaBiz I love parody accounts! Well done. Vote for #Trump. #lol ,joy
Zephaniah 3:17 He surely is rejoicing over us with singing...such romance and so needed today!!,joy
@imDevinLopez happy bday bro! ðŸ‘ŒðŸ»,joy
@itsyourgirl_Z happy birthday :) have a blessed day love from Toronto :) #bday #smile,joy
"Mate the thing I get excited about in my profession are mad. A client said she opened her bowels, I'm rejoicing",joy
Riggs dumb ass hell lolol #hilarious #LethalWeapon,joy
"â€œBe #positive, #cheerful, #grateful and expectant.â€ @NightingaleEarl  #Success #Leadership",joy
"We are elated to have @lisavol, Sid Espinosa and @dyuliharris, ready to inspire innovative students!!  @knightfdn @MicrosoftSV @JessicaWeare",joy
@Norn_IronMaiden @forest_fr1ends It's hilarious,joy
"It's not that the man did not know how to juggle, he just didn't have the balls to do it.\n #funny #pun #punny #lol ",joy
#ukedchat A4 Just go outside (or to the gym hall) and play! \n #education  #learning,joy
"And by the way, Takeru's eyes sparkling while eating was like the cutest thing ever.",joy
#ContentwiththeLordsPortion:O satisfy us early with thy #mercy;that we may #rejoice &amp; be glad all our days.#Ps 90:14 #gladness #joy ,joy
@JamieNicks_ it makes complete sense and i'm elated to hear this :],joy
@liamch88 yeah! :) playing well ,joy
@Olajide_Shutti lmaoo. It will be a joyful day.,joy
Thank you @RachelPlatten for teaching me how to live again. It's been so long since &amp; this ride is about to be exhilarating. I just know it,joy
Day 3 of #harvest16 - listening to the sound of the chopper working it's way closer to home at @mountaindairy makes me #happy. #farm365,joy
@dressenn @amerson6562 @RosaTrunk @iam_spl_ @michaelk487 @Silau25 \nGAðŸ™‹ Have a joyful day,joy
Yo this 3 v 3 overtime in hockey got me sweaty damn this ish exhilarating,joy
What an exhilarating last minute of overtime #WCH2016,joy
Day 9 and I am elated because I'm taking PTO tomorrow so I'm doneeeee. But:,joy
"Ooh #hygge, candles, jasmine tea &amp; #GBBO ",joy
.@Travelanswerman: When U ride on a pile of salt life is extra sweet! Always salty always savory! #surfing #aloha #smiling â€¦,joy
It's a beautiful day today. Cloudy but sunny and breezy.,joy
@jimadair3 Guitar shop owners everywhere rejoice,joy
A joyous first webiversary/web mitzvah to Smithsonian's @WeiPoints!! @brianwolly @jackie_mansky @bethpylieberman @bilbo @mazeltov,joy
@lennyabrahamson May I send you a copy of #HeroTheGreyhound? Either e-book or real paper one! A boy and a greyhound #smiles #tears #laughter,joy
Look forward to the detours because they bring delightful surprises. #lifequote ,joy
"@followAdamA looking back on recent tweets seen, this one right here is great #perfect  #Speechless #deal",joy
Getting cable hooked up in new place just in time for @NBCChicagoPD and @NBCChicagoMed premiers is like God smiling down on me. #OneChicago,joy
"@mediacrooks @thenewshour @LodhiMaleeha @ndtv @IndiaToday This is hilarious ! Not a Freudian slip, eh !",joy
Watch this amazing live.ly broadcast by @izzybuzy365  #musically,joy
My siblings look all gangster &amp; I look all cheery ðŸ˜…ðŸ˜‚,joy
@sidviyer uff!! Look at your Arsenal fans cheering for every goal against United. haha,joy
"@HytheHighborne -Sylvia was elated to receive kisses from the little prince, her bright smile clear as she glanced to Garrett and Elyse- --",joy
There is something v satisfying about  opening an old 'to do'.doc file and being able to check off all the things you have done #smiling,joy
"If you have the ability to make someone happy or to make someone #smile, do it! The world needs more of that right about now. #CreateLove â˜ºï¸",joy
"@BlueJayHunter I'm fine on the near future, I just want to go to bed super elated and put together audio compilations of great moments.",joy
Time to go hit up the library - I have a lovely PILE of book reservations to collect this morning... #glee #books #reading,joy
"if you ain't watching Sugarboy on Hulu, then you ain't shit. #hilarious hahaha",joy
@TampaBayRay I cried with laughter.,joy
"I'm due for a big change! I've prayed on it, I think I deserve it #positivity #optimism",joy
@R1Breakfast Totes had to re-listen to the endless hilarity that was Tom Odell's 'raaar' this morning ðŸ˜‚ðŸ˜‚ðŸ˜‚ @grimmers @fionaradio @TinaDaheley,joy
"It's finally raining in Ashland, Oregon. We've been parched all summer &amp; fall. The plants &amp; people are rejoicing!",joy
tfw you're en-route to your future :) !! @HUCJIR i'm coming for ya! #openhouse #futurecantor #exhilarating #NYCletsgo,joy
@reinervshunter you got thisï’™ #staystrong #smile #yourebeautiful,joy
It's Thursday which means it's Grey's day #TGIT ,joy
Watch this amazing live.ly broadcast by @brooke_bridges  #musically,joy
The current run of superman continues to be a delight! You can feel the love poured into it by everone on the creative team #superman,joy
I am always ready to #smile.,joy
"Riding at night has got to be one of the most exhilarating, refreshing things I have ever done.",joy
"Lmboo , using my nephew for meme #hilarious",joy
@sszmata @PKessel81 Blew up the Internet with his chirp. Lol. Love it.,joy
Thinking about trying some comedy on youtube. Always been fond of it. Time to nut up. #laughter #comedy #maybeoneday #hopefullyfunny #LOL,joy
"I like talking to someone who makes me laugh, laughter is the best medicine",joy
"Lmboo , using my nephew for meme ",joy
"Loved @Bethenny independence msg on @WendyWilliams, be happy &amp; fulfilled within yourself &amp; positivity will flock to you #happy #independent",joy
Watch this amazing live.ly broadcast by @katyy.mae #lively #musically,joy
"#personaldevelopment\n\nToday is a gift, that's why it's called the present... #happiness #optimism #entrepreneur #personaldevelopment â€¦",joy
Bunk ur classðŸ“š at least once in your life time cuz later when u look back good marks will not make u happy but memoriesðŸ˜Š will'    -APJ,joy
"@Nikhilv95 @LydiajaneF I wish, I really, truly wish, that I had just a modicum of your banter. #hilarious",joy
Am I watching #BacheloretteAU or Zoolander ? #hilarious #samvrhys,joy
@scdesc Yup. And Val basically ignoring the recipe. I'm just done. I keep bursting into laughter x,joy
"Be happy not because everything is good, but because you can see the good side of everything  #optimism",joy
the fact everyone is selling their kanye tickets or are buying them for less than $50 is unbelievably hilarious to me,joy
@bradshawjp Sweet! ,joy
"He showed us a really lively performance, with a lot of different emotions, not just sticking to one. And that's freaking awesome.",joy
@Nick_Offerman I'll be there!! Can't wait for all the #mirth!,joy
Icon is pochama.\nHe is very cute and easily elated.,joy
@crimpoop my adorable and cheerful daughter\nAlways pouring positivity green goo on me\ndare hurt her and you'll see hell //growls\n\n#PandaBot,joy
Remember: The life you have is a blessing for #God. Make it a joyful experience regardless of the odds. GBY,joy
@chrisrock brings back great memories of hilarity on #SATURDAYNIGHTLIVE,joy
The neighbor dancing in the Clayton Homes commercial is me. #hilarious,joy
All in all a pleasing night down The Lane .  .  .  On to the next round &amp; bring on Liverpool at Anfield! #COYS,joy
@AlbertBreer @jetswhispers Be sure and switch it over to cable news - cheery,joy
"If you simply act out of kindness, strength, and optimism, today will be the best day ever! @Tarleton_KINE @DrKaylaPeak @jssimpson9",joy
@beingbrilliant @johnmurrays you're welcome. It's genuinely made me give my head a wobble and realise what's important in life.  #smiling,joy
@liamch88 yeah! :) playing well #optimism,joy
Why have I only just started watching glee this week I am now addicted ðŸ™„ #glee #GLEEK,joy
@RealKyper @NHL watching the jubilant scrum at the end of the day and remembering they're all still kids! #priceless,joy
chirp chirp! what a beautiful white and red bird! ðŸ¦,joy
15 minutes of yoga to your breakfast routine will change your day #preparation #sunriseyoga #bodyawareness #health #yoga #smile #stretch,joy
@sydneyswans #cheer #cheer the #red and #white we are now off to #grand final to #win the #fight. Thanks @JetstarAirways,joy
"It's not that the man did not know how to juggle, he just didn't have the balls to do it.\n #funny #pun #lol  #punny",joy
Watch this amazing live.ly broadcast by @iamjustinburke #lively #musically,joy
"@deadlyjokester *she let out a playful gasp and slowly wrapped her arms around his neck, kissing him back*",joy
"The T.I / Shawty Lo beef is one of the more underrated ones in hip-hop history. Chock-full of wit, bravado and hilarity.",joy
"Just popped a half bottle of 2014 @Bellawines #sparkling #gamaynoir from Westbank. Evenin', folks! \n#bcwinechat",joy
Omg I'm outside making beats with garageband and some little birds  decided to chirp along ï¼ˆâ‰§âˆ‡â‰¦ï¼‰,joy
Go follow me on Musically @budderlordk1ng I am making a lively. Come and join BFFing and Following ;) See you there!,joy
@adamrodricks I like your optimism!,joy
Ryan Gosling and Eva Mendes finally  ; B joyful an funny/dont boss/dont argue/do everything with kids/go on mini car trips/ focus on love,joy
"God just replaced my sadness with laughter, can't go the whole day sad ...",joy
A hearty welcome to those who followed me.,joy
In ever use to like smiling until I realized how good my teeth look ... Witout the braces,joy
@saraandgreg @Airbnb Another happy customer.  #secreteyes,joy
I just heard the most incredibly transcendent song ever &amp; now I feel high &amp; fucked up yet joyful &amp; I will never be the same,joy
"Elinor,' she laughed so little known, all over every body at the brilliant cheerfulness of sweetmeats and a fashion.",joy
Only Geo is capable of cheering me upâ¤ï¸â¤ï¸â¤ï¸,joy
@MericanMainer AWW. I had a Maine Coon when I was little named Ted Eddy the Wonder Cat. They're such good cats! Very playful and sweet,joy
Make someone happy ^_^,joy
What if.... the Metro LRT went over the Walterdale?!?! ðŸ˜‚ #yeg ,joy
Go follow #beautiful #Snowgang â™¥@Amynicolehill12 â™¥ #Princess #fitness #bodyposi #haircut #smile #Whitegirlwednesday,joy
felt a bit shit getting a very high blood sugar then i remembered it's my first one above 15 this week which is incredible for me! #happy,joy
@TheeCurrentYear @Sargon_of_Akkad this is too much hilarity for one day,joy
"Being a veteran just totally got me out of a ticket. I'm elated right now, close call.",joy
*violently screams at the four winds* WE AINT EVER GETTING OLDER *cute jovial rhythm starts* *moves hips along and waves arms in the air*,joy
"It's not that the man did not know how to juggle, he just didn't have the balls to do it. \n #funny #pun #punny #lol ",joy
There is something v satisfying about  opening an old 'to do'.doc file and being able to check off all the things you have done ,joy
Rojo is so bad it's hilarious.,joy
"I'm due for a big change! I've prayed on it, I think I deserve it #positivity ",joy
Watch this amazing live.ly broadcast by @kaylaaa_sartorious #lively #musically,joy
".@Harry_Styles I hope you never go a day without something to make you smile. You deserve all good things. Please follow me?\nâ¤ï¸ðŸ’›ðŸ’šðŸ’™ðŸ’œ\n311,553",joy
@_stfukohle it's ok champ you'll make it I'm cheering you on from a far,joy
Rojo is hilarious,joy
I'm so playful. lol I need somebody that'll joke with me all day long cause ill never get tired of it.,joy
@LFScott57 Miss Cookie sends her thanks! She's not as spry as she used to be - like me! She doesn't have the adventures the young pups do!,joy
It's better to be wetter than it is dry' - @RLevin91 certainly found that hilarious #GBBO,joy
"It's not that the man did not know how to juggle, he just didn't have the balls to do it.\n #funny #pun #punny  #lol",joy
"Ooh #hygge, candles, jasmine tea &amp; #GBBO #happy",joy
"@my2k aaa Cam animated that, so proud of our boy",joy
@safaridjh but it's so aesthetically pleasing omg,joy
"#Followback Quote_Soup: Be happy not because everything is good, but because you can see the good side of everything. ",joy
Peter is aesthetically pleasing to look at,joy
"Loved @Bethenny independence msg on @WendyWilliams, be happy &amp; fulfilled within yourself &amp; positivity will flock to you  #independent",joy
I thought I got mad for anything but my bf gets mad over any little thing lmfao shit be hilarious,joy
@KWAYNTjoia it's exhilarating,joy
So happy my next class is canceled bc..im od tired ðŸ˜­,joy
Optimism leads to success. - Bill Kerr @Coach__Kerr #success  #goals,joy
It's meant to be!!  ,joy
#smile is the #respect we give everyone.,joy
Not untill today has anyone ever said to me they remember what I had on over 7 years ago when they met me n liked me since #cutealert #happy,joy
The object of literature is to make man a wiser and happier being. The poet makes us happy because he tells us how we may become so.,joy
Watching Avatar and wondering why I took so long to watch this *collapses in a joyous heap*,joy
@DuncM1981 @pmallon72 At the risk of being blocked I thought that video from the wake was hilarious.,joy
I want the smoky clouds of laughter to swim about you forever more..,joy
I'm a cheery ghost.,joy
Watch this amazing live.ly broadcast by @elise_awsome_11 #lively #musically,joy
Watch this amazing live.ly broadcast by @footballrocks123456 #lively #musically,joy
Watch this amazing live.ly broadcast by @maisiev  #musically,joy
"@AJStylesOrg I know they have you a scripted ego maniac but, I was so elated to hear that you are a devout Christian like myself. Phenomanal",joy
"@alyankovic I really wish I could attend the show at RCMH. I'm there in spirit, cheering you and the dudes on! :)",joy
@Dubai92 try asking for a cheeseburger with only onion &amp; mustard at any #McDonalds #hilarious,joy
Accept the challenges so that you can feel the exhilaration of victory. #FocusX10 #motivation #motivationalquotes #quoteoftheday,joy
Watch this amazing live.ly broadcast by @flydudern  #musically,joy
"You know what's great about #GBBO ? Contestants helping each other, cheering each other on. So important.",joy
Accept the challenges so that you can feel the exhilaration of victory.,joy
@kymwhitley hello Miss Lady I'm sure today brings you happiness and laughter use your voice also to make us laugh  god knows we need it,joy
Thank you @twitter for the balloons today.  #goodday #48,joy
"@LoisJoanneLane Wagging his tail at the praise, he paused, tilting his head as she took the frisbee from him, letting out a playful -",joy
Kayaking is merriment together with sevylor inflatable kayaks: eYGgJxMl,joy
"Knowing how to cook is invaluable, what's even better is that even in a 400 sq ft place, I have wide and hearty homestyle egg noodles.",joy
Watch this amazing live.ly broadcast by @footballrocks123456  #musically,joy
Do what makes you successful and #happy now and forever,joy
I love Mary's undying optimism. You could present her with dog shite and she'd find something good to say. #GBBO,joy
Use your smile to change the world. Don't let the world change your smile.' #quote #actorslife #smile #love #hardworkpaysoff #fun,joy
#smile every morning to a positive head start with your #clients relations,joy
@MoAmali @awosss @Arsenalman2011 listen I dn't subscribe to this team coq Team xhaka stuff. I like all our players. Depth has me elated,joy
Watch this amazing live.ly broadcast by @hannah..mccloud #lively #musically,joy
"And the weather so breezy, man why can't life always be this easy",joy
"Of cheerfulness, or a good temper - the more it is spent, the more of it remains.",joy
Watch this amazing live.ly broadcast by @mrgummyking #lively #musically,joy
Watch this amazing live.ly broadcast by @rosannahill #lively #musically,joy
Rec'd call 2day from Haitian church we started in Florida some 15yrs ago. Preparing to acquire their own bldg. Wanted me to know. #rejoicing,joy
"There's a specific joyous 20 song title engiybhekayo, yasezayoni. Need it for le mood",joy
promise of restoration to the nation of israel...'everywhere you look blessing '..barns/wine overflow.Everything beautiful  #do_u_see,joy
Look forward to the detours because they bring delightful surprises. #lifequote #delight,joy
Watch this amazing live.ly broadcast by @paulzimmer #lively #musically,joy
talk about a mood pickup i went from depressed to elated so fast,joy
Finn singing 'Can't Fight This Feeling' in the shower and Will spying on him is one of the best scenes on any show. ,joy
@NHLstoreNYC I'm cheering for @TeamNA_WCH and @TeamEUR_WCH #NHLNYCSweepstakes,joy
Watch this amazing live.ly broadcast by @evanhufferd #lively #musically,joy
@bradshawjp Sweet! #optimism,joy
Finn singing 'Can't Fight This Feeling' in the shower and Will spying on him is one of the best scenes on any show. #glee,joy
tfw you're en-route to your future :) !! @HUCJIR i'm coming for ya! #openhouse #futurecantor  #NYCletsgo,joy
It's Thursday which means it's Grey's day #TGIT #rejoice,joy
Watch this amazing live.ly broadcast by @kana_blender  #musically,joy
@ofc_ALDUBQC Glad you gained some cheery vibes just by looking at our Happy Meal! ðŸ˜Š,joy
I found #marmite in Australia. `:) ,joy
Watch this amazing live.ly broadcast by @huntermcaseyy  #musically,joy
"@5ftanomaly aside from that i'm all about pleasing the individual that i'm involved with, my pleasure comes from their pleasure.",joy
mustache_harbor: TiburonChamber plus a hearty pour of #yachtrock by #mustacheharbor !,joy
@jaime_scurr: any team in the world would be totally elated to get to have you on it XD,joy
Tonight my top delight was a Skein of Geese flying about 1 foot above me as I swam in #Windermere. Breeze dropped &amp; it became like glass.,joy
"â€” to reveal a broad smile. \n\n'Yeah, it's nice.' \n\nPursing his lips, he stifled his joyous expression in order â€”\n\n[@AVIATAUBE].",joy
theÂ LordÂ turn his face toward you and give you peace. Numbers 6:26 #truth #trust #promise #calm #justice #great #mighty #protected #delight,joy
Watch this amazing live.ly broadcast by @its.finfin #lively #musically,joy
Watch this amazing live.ly broadcast by @iamjustinburke  #musically,joy
@Rbrutti what a #happy looking #couple !,joy
Punchline king is back! @Paedeezy ðŸ”¥ðŸ”¥ðŸ”¥ðŸ”¥ðŸ”¥ðŸ”¥ðŸ”¥ðŸ’¯ðŸ’¯ðŸ’¯ #bright city lights,joy
@lawson__lynch my kinda girl pleasing the dick rightðŸ˜ðŸ˜,joy
Catering channel's at the height technics hearty enjoyment symptomatize: vrlfEyrN,joy
Watch this amazing live.ly broadcast by @maisiev #lively #musically,joy
"her fingers slide along your thighs, caressing the skin before she's leaning down, down, down and the first lick is teasing n playful.",joy
@doctorofinfo I was just introducing a little levity to the convo. Yep!,joy
@INCIndia Oh please! INC talking about looting! I'm not saying #BJP is pure but this is such a #hilarious #irony! @BJP4India is def better!,joy
For a moment I found myself smiling,joy
@globemartyk 'drunken patroons' make this whole situation much more jovial though.,joy
Watch this amazing live.ly broadcast by @flydudern #lively #musically,joy
"@PersephoneOD Her cheerful voice echoed through the grand, familiar home, a smile blossoming on my rosy brims, 'Mom.' I reciprocated the --",joy
"Just watched Django Unchained, Other people may frown, but I titter in delight! 2/5",joy
My future must be bright af.,joy
"She gave a playful wink, taking the goggles off her head, swinging them around her finger. 'I would never~' @VerminEngineer",joy
Watch this amazing live.ly broadcast by @elise_awsome_11  #musically,joy
Live simply. Dream big. Be grateful. Give love. Laugh lots. - Unknown #quote #inspiration ,joy
"On the bright side, my music theory teacher just pocket dabbed and said, 'I know what's hip.' And walked away ðŸ˜‚ðŸ˜­",joy
Watch this amazing live.ly broadcast by @paulzimmer  #musically,joy
"@yoursecretsub1 Trust me dear, if you want to make anything invisible, hang a wet paint on it, and hilarity will ensue.",joy
Watch this amazing live.ly broadcast by @swagrman_fan  #musically,joy
"Vacation wise, Egypt offers great places, amazing scenery, bright skies and good weather at a very good and affordable price for students.",joy
Gotta hit up breezy every day to make sure he's breaking in my boots. First class friend right there,joy
Watch this amazing live.ly broadcast by @kaylaaa_sartorious  #musically,joy
15 minutes of yoga to your breakfast routine will change your day #preparation #sunriseyoga #bodyawareness #health #yoga  #stretch,joy
Watch this amazing live.ly broadcast by @jaredhorgan  #musically,joy
"Quote_Soup: Be happy not because everything is good, but because you can see the good side of everything. #optimism",joy
Every single problem we ever face can be solved with a nice blend patience and optimism,joy
Transitioning to a new job is hard when you have nothing but joyful memories of the previous one. Thanks @LifeTeen for changing my life! â¤ï¸,joy
"Accept the challenges, So that you may feel the exhilaration of victory.\n\nTOMIHO IpaglabanMo TapingDay2",joy
@BattleSmitten \n\nother begin telling a 'story' he realized that she was making an attempt at cheering him up. It was sweet of her and so âž¤,joy
Time to go hit up the library - I have a lovely PILE of book reservations to collect this morning...  #books #reading,joy
Not untill today has anyone ever said to me they remember what I had on over 7 years ago when they met me n liked me since #cutealert ,joy
It is no coincidence that Lacan recorded infants' jubilant reactions to their mirror images in the noise.,joy
"Be happy. Be who you want to be. If others don't like it, then let them be. Happiness is a choice. Life isn't about pleasing everybody....",joy
Accept the challenges so that you can feel the exhilaration of victory!!,joy
"Another joyful encounter in Tribez &amp; Castlez! I just met Mouchole, Ogre Cook! Do you want to know who that is? Download the game and find...",joy
@bodwell_james did it not just enliven your soul,joy
A 'non-permissive environment' is also called a 'battleground' - #MilSpeak #hilarious,joy
"@samvirwin fancy! I have some of those and I have never put them up, I should do that. Also, I vote jaunty angles then no one will judge",joy
@sportinglifecan I keep a down vest or sweater in my pack year round! Helps on chilly mornings or breezy mountain tops! #mysportinglife,joy
@BertGatti not had much to cheer about you see ðŸ˜œðŸ˜‚ðŸ˜‚,joy
Watch this amazing live.ly broadcast by @haythatjamile8  #musically,joy
"It's not that the man did not know how to juggle, he just didn't have the balls to do it. \n#funny #pun #punny #lol #hilarious",joy
@kevinmenzel annual reminder that i don't care and will cheerfully eat anything so labeled,joy
Watch this amazing live.ly broadcast by @huntermcaseyy #lively #musically,joy
"@gypsydragoness wrinkling up. 'Well now, looks here like your name starts with the letter G, eh?' The man smiled up and gave a hearty +",joy
Watch this amazing live.ly broadcast by @izzybuzy365 #lively #musically,joy
@__PeterPanda yes bro it's actually breezy,joy
- the joyous occasion of laughing at the ostentatious display of disrespect. Bruce just scoffed at the entire scene. This wasn't Batmanâ€™s -,joy
@RobRiggle @joelmchale @NFLonFOX I still can't get jimmy garoppolo out of my head and it's been almost 3 weeks. Thanks a lot! ,joy
@ardit_haliti I'm so gutted. I loved her cheery disposition.,joy
When you're prof suggest @Pharrell and William James may be unlikely dialogue partners and then plays the #happy video #WeAreCST,joy
"The return of Matt Damon, and of director Paul Greengrass, brings back all the exhilarating if rather po-faced entertainment to a movie",joy
Thinking about trying some comedy on youtube. Always been fond of it. Time to nut up.  #comedy #maybeoneday #hopefullyfunny #LOL,joy
"@ClaireBlair27 See, that's how you and Michelle are so cheery!",joy
Watch this amazing live.ly broadcast by @brooke_bridges #lively #musically,joy
#LMFAO @MSNBC 's #racepimp Tamron Hall used the words 'fscts' and 'MSNBC' in the same sentence #hilarity #libtard #biasedmedia #neverHillary,joy
Accept the challenges so that you can feel the exhilaration of victory.' - George S. Patton,joy
promise of restoration to the nation of israel...'everywhere you look blessing '..barns/wine overflow.Everything beautiful #joyful #do_u_see,joy
@biggerthanyuu He's flushed upon hearing the feeling is reciprocated. He's elated to shove himself right into his arms and hug him tightly.+,joy
Why have I only just started watching glee this week I am now addicted ðŸ™„  #GLEEK,joy
I aspire to have Val's self confidence and optimism tbh ðŸ‘ðŸ’– #GBBO,joy
"I can not depict what I feel right now.. I feel jubilant yet anxious, or..dunno. It seems like now I'm having something worth wait everyday.",joy
"@bijayjanand\nIt's not just a treat for viewers to watch u as janak, it's simply a treat for our soul, mind, thoughts. #hearty respect ðŸ™ðŸ™",joy
Just now we were rejoicing that we finally won a match the draw just revealed that we are facing city next. This life sef,joy
@AimiSyafiqahR go check up with your bf. He'll give u strength with just one smile. #TOPno1,joy
"Charlotte and a friend just climbed to the top of a windmill! Think the view was easy, breezy, beautiful? @PlayHollywoodU",joy
Omg. You've got to watch the new series 'This is Us'.....wow. Best tv show I've seen in a long time.\n #tears  #moretears,joy
Watch this amazing live.ly broadcast by @katyy.mae  #musically,joy
Watch this amazing live.ly broadcast by @hannah..mccloud  #musically,joy
What if.... the Metro LRT went over the Walterdale?!?! ðŸ˜‚ #yeg #levity,joy
@DailyMailCeleb @KTHopkins Katie I love how you describe yourself as 'normal'. Really you're anything but! #hilarious #neverchange,joy
Watch this amazing live.ly broadcast by @kana_blender #lively #musically,joy
@TiburonChamber plus a hearty pour of #yachtrock by #mustacheharbor !,joy
@u4uzoma Boss I see you as someone that is jovial and funny. Tho av not met u in person.,joy
"@carysmithwriter @Maria_Savva @RealRockAndRoll We're the least known band in the World, but so glad you asked #muchlove ",joy
#Talking about our #Problems is our greatest #Addiction#Break the #habitTalk about ur #Joys#quote  #problemsolving #behappy,joy
"@nw_autonate \n\n*She held the back of his skull, smiling into the kiss.*",joy
Watch this amazing live.ly broadcast by @ittzdevin  #musically,joy
Watch this amazing live.ly broadcast by @__.mila.__ #lively #musically,joy
Watch this amazing live.ly broadcast by @swagrman_fan #lively #musically,joy
#ukedchat A4 Just go outside (or to the gym hall) and play! \n#education #playful #learning,joy
it was both lively &amp; lovely @crumblepie15 @buryprofs @DittoBistro #BuffnPolish,joy
@jessbr0ughton don't be shy next time! We're a cheery bunch. :) \n\nSam. X,joy
"To insure good health: Eat lightly, breathe deeply, live moderately, cultivate cheerfulness, and maintain an interest in life.",joy
"@Chr1sMcLaughlin he's brilliant, lost the joyous plot with us that year. Admits being a fan now after that.",joy
It has been medically proven that laughter is an effective pain killer.,joy
@ashleynwinters I don't like the statement but I love the optimism,joy
I've got some new pens to break in. Name an animated series and I'll draw you in that style ðŸ–,joy
felt a bit shit getting a very high blood sugar then i remembered it's my first one above 15 this week which is incredible for me! ,joy
@UKLittleKitchen Defo a hearty root veg gratin. Nice comfort food as Autumn kicks in,joy
@Corsair those sparkling looks like a gay vampire ðŸ˜,joy
"Yahweh your God is among you, a warrior who saves. He will rejoice over you with gladness.",joy
Watch this amazing live.ly broadcast by @jaredhorgan #lively #musically,joy
Always doing the EmotionalHedgeâ„¢ w #WPS\n\nI'm elated about start.  Have I mentioned I'm on TAMU -6?!,joy
Watch this amazing live.ly broadcast by @thebrandonrobert  #musically,joy
Watch this amazing live.ly broadcast by @broitzmax #lively #musically,joy
Relive Vegas' heyday with Rat Pack tribute,joy
I wish there was a #glee version of @ShawnMendes Stitches. @GLEEonFOX #gleekforever,joy
i fix a clever ritual to make you feel frolicsome,joy
Panda eyed jaunty after watching jaws until late!,joy
Watch this amazing live.ly broadcast by @broitzmax  #musically,joy
A cheerful heart is an unending banquet.-Â Proverbs (Mishle) 15:16,joy
"Anyone know how the #Mariners did today? The mood here seems strangely jubilant! As Meatloaf says, 2 out of 3 ain't bad, unless you win one!",joy
@DailyMailCeleb @KTHopkins Katie I love how you describe yourself as 'normal'. Really you're anything but!  #neverchange,joy
My friend just messaged me 'ugh I'm so hungry I can't wait for breakfast' #socialmedia #WineWednesday  #funny #laughing ,joy
"Quote_Soup: Be happy not because everything is good, but because you can see the good side of everything. ",joy
"repentance, and trusting in Christ. It is lowly and painful, but it is also joyous, peaceful, and absolutely glorious. (2/2)",joy
Watch this amazing live.ly broadcast by @brooks_swaggysquad #lively #musically,joy
@AQpk which was worse than expected and hilarious too. no one will even remember.,joy
Watch this amazing live.ly broadcast by @matt.boss #lively #musicallyjh,joy
Queen Bey will be smiling over sixth this afternoon,joy
"@carysmithwriter @Maria_Savva @RealRockAndRoll We're the least known band in the World, but so glad you asked #muchlove #hilarious",joy
@RapeseedOilFans \nWho nose where those scent roses went\nTo a spot in the Orient\nMummified\nIn rapeseed oil fried\nEating drinking &amp; merriment.,joy
"When something makes you excited, terrified, thrilled, nervous, elated &amp; like you've been kicked in the guts all at once. Need word for that",joy
"@Nekudere oh ok, yeah I felt dumb like I think I would have known if it was animated at least lmao",joy
@LoriAlan1 Seriously. Digging those eyebrows. ,joy
@FullTimeDEVILS Memphis looking bright. Rojo looking like Rojo.,joy
@ESPNLosAngeles best segment so far by @marcelluswiley @Kdubblive  hilarity,joy
Taguchi engineering fashionable hale and hearty little game optimization: MqnAOcU,joy
Watch this amazing live.ly broadcast by @arbitraryvlog  #musically,joy
"Update: I have yet to hang out with @MisElizaJane, but I'm still hopeful! #optimism",joy
@aradsliff don't know I'm from nj we are the worst on purpose. #laughter,joy
*ZETH voice*: Hit The Target \n (holds up upside down cheering towel),joy
Benefit out exhilaration called online backing off: JkUVmvQXY,joy
Optimism leads to success. - Bill Kerr @Coach__Kerr #success #optimism #goals,joy
"@AphoticSanguine â€”but be a little playful. \n\nHe hesitantly pulls away, just enough so he could get words out, lips brushing againstâ€”",joy
"â€œWhen we give cheerfully and accept gratefully, everyone is blessed.â€â€•Maya Angelou",joy
@LoriAlan1 Seriously. Digging those eyebrows. #animated,joy
me taking a picture by myself: *awkward smile*\nme on picture day: *awkward smile*\nconclusion: stop smiling ;'(\n #pictureday2016  #ornot,joy
"#Followback Quote_Soup: Be happy not because everything is good, but because you can see the good side of everything. #optimism",joy
Watch this amazing live.ly broadcast by @rosannahill  #musically,joy
I assume that people pick up on my joviality coz I lol a lot but it's just not working. Maybe I need to get heavy handed with emoticons? Ha,joy
Your lion's heart\nWill protect you under stormy skies\nAnd I will always be listening for your laughter and your tears,joy
@LPDonovan this is why I think his pre prepped debate answers have the potential for hilarity,joy
Watch this amazing live.ly broadcast by @__.mila.__  #musically,joy
Watch this amazing live.ly broadcast by @mrgummyking  #musically,joy
"To all who follow me, whether we've ever talked or not hope you have a joyous life. Goodbye.",joy
"Whether you are rejoicing or fighting back tears, God wants to share the moment with you.",joy
Watch this amazing live.ly broadcast by @thebrandonrobert #lively #musically,joy
Watch this amazing live.ly broadcast by @its.finfin  #musically,joy
@thetwattickla @NottRihanna lol no it's sparkling wine,joy
@DipstickDipper \n'It's alright!' She said cheerfully trying to make the moment fun,joy
@rosyIipH glee glee glee glee gLEE GLEE i LOST LOST LOST lowe much,joy
Watch this amazing live.ly broadcast by @evanhufferd  #musically,joy
Watch this amazing live.ly broadcast by @ittzdevin #lively #musically,joy
And you as well! #sparkling @cherebork @MelissaJoyRD @SarahKoszykRD @eat4performance @rustnutrition @jenhaugen,joy
A cheerful sloth annotated old books about a very good man then the gods ended evil.,joy
"@chenaidavid easy, breezy, beautiful rasta mon",joy
Accept the challenges so that you can feel the exhilaration of victory. -George S. Patton,joy
"When we give cheerfully and accept gratefully, everyone is blessed.\nÂ»Maya Angelou\n\n@DrMayaAngelou #RIP #MayaAngelou",joy
"The human race has one really effective weapon, and that is laughter. -- Mark Twain",joy
"@IndieWire @cinemaeyehonors #WaltzWithBashir was incredible, tho I think it's more of an #animated film than #documentary about #Lebanon war",joy
A good thing about being sick is that coughing is like an ab workout. Maybe my abs will be more defined by the time I'm better ðŸ˜‚ðŸ˜… ,joy
@OilersFanSean yup I feel dirty cheering,joy
Possible magazines over against put with versus thy joviality conjunction shower quotient sufficiently: BQAvtja,joy
"Just like there is a right way to pray, there is a right way to give - not grudgingly or of necessity, but cheerfully. #woficc",joy
"@JoshuaLenon I trust you know that I appreciate your willingness to explain the details, and my attempt at levity is just that. @bobambrogi",joy
Check out this #film Robocoq 301 #animated #shortfilms,joy
A good thing about being sick is that coughing is like an ab workout. Maybe my abs will be more defined by the time I'm better ðŸ˜‚ðŸ˜… #optimism,joy
i'm doing laundry and watching that 70's show with a bunch of strangers. #happy #birthday #to #me,joy
The neighbor dancing in the Clayton Homes commercial is me. ,joy
"@DKTaylorWriter I thought that was funny, too. But maybe not such a coincidence. Green must be the official color of optimism.",joy
It breaks my heart seeing people down or upset.. I will try my best to make them smile or cheer them up ðŸ¤—,joy
@buzzlightbeard2 If you don't love yourself... Honesty is the best policy #smile,joy
@philjame5 @spoke_bros wow! that looks bright,joy
"So is cheerfulness, or a good temper, the more it is spent, the more remains. Ralph Waldo Emerson",joy
@smoothkobra after such a heavy 2 days this has given much needed levity. Thanks bro,joy
Never make a #decision when you're #angry and never make a #promise when you're #happy. #wisewords,joy
Evening all. Don't forget it's #RobinHoodHour TONIGHT ðŸ¹\n\n #bizitalk #bizhour #southyorkshire #MansfieldHour  #sheffieldHour #NottsHour,joy
A decent sleep makes Kurt a happy soldier. Spit &amp; polish the converse men. chests out and baseball caps at a jaunty angle.,joy
I #rejoice in following your statutes as one rejoices in great riches. -Psalm 119:14 #TheBible,joy
"â€œDonâ€™t burn out; keep yourselves fueled and aflame. Be alert servants of the Master, cheerfully expectant.' Romans 12:11-12",joy
i'm doing laundry and watching that 70's show with a bunch of strangers.  #birthday #to #me,joy
"I think what 2016 to really needs to round it out is a @cthulhu4america vs @smod2016 twitter debate. End on something joyful, ya know?.",joy
"I saw her, whose countenance expressed a mighty rivers were monotonous, and her lively conversation took care of the various",joy
I'm really hitting all flavors of my sparkling water rap. But you know what's tripping me out? These half French and Spanish flavors.,joy
Twitter is a font of endless hilarity.,joy
@tunaeP_ cheer upâ˜ºï¸,joy
He maketh the #barren woman to keep house &amp; to be a #joyful mother of children\nPraise ye the Lord\nPsa113:9,joy
Watch this amazing live.ly broadcast by @arbitraryvlog #lively #musically,joy
@PeanutRD @MelissaJoyRD @SarahKoszykRD @eat4performance @rustnutrition @jenhaugen  hey #sparkling is the word I just picked 4 my biz card,joy
"@doubtcaspar babe :(( remember I'm ALWAYS here if u need a little cheering up or talk, ily lotsðŸ’˜",joy
@Hank_nsno @RonaldKoeman cheering and clapping I assume,joy
Decide to stop being afraid. To just stop. What are you now free to do?\n\n#brave #free #honest #healthy #happy #life #living #optimism #love,joy
"#Arts create richness &amp; liveliness in our society, continues through educational &amp; social benefits, and only ends with the economic",joy
"Hey u never know, Channel 4's version of #GBBO might actually be quite good. A few adverts aren't the end of the world. ",joy
@melsey6 oh good girl hope she is cheerful,joy
Not my fault if I'm more observant than you thought of me to be ! ðŸ˜œ I'm not sorry ðŸ˜ #wisdom #laughter #observingyou #allthetime #becareful ðŸ˜Ž,joy
Top seed Johnson chases double delight at Tour Championship,joy
"incetown, age 23, joyful, elevated in hope with the",joy
@88Palouseriver @ABC @NRA I rejoice everything time some moron is taken out of the genetics pool.,joy
@delon03 can you at least just walk past her and break out into laughter,joy
Day 3 of #harvest16 - listening to the sound of the chopper working it's way closer to home at @mountaindairy makes me . #farm365,joy
I might not pay for my own health insurance but I do like sparkling water and Brussels sprouts now so I think I'm an adult,joy
@CazuaL_WeaR @ScottInSC looks like a book shaped like a gun to me #optimism #itsagunalright,joy
I am always ready to .,joy
"The point of living, and being an optimist, is to be foolish enough to believe the best is yet to come' - Peter Ustinov  #quote",joy
Intermit animated^%%%ncaa pittsburgh vs mississippi sprightly shiny bbva level peg varsity football telly scra...,joy
"Turkish exhilaration: for a 30% shade off irruptive russian visitors this twelvemonth, gobbler is nephalism so...",joy
#ThisIsUs has messed with my mind &amp; now I'm anticipating the next episode with #apprehension &amp; #delight! #isthereahelplineforthis,joy
Now I'm back at @wxpnfm and am elated to record @mannequinpussy fucking shit up in our studio this evening.,joy
The Quarterback' wrecks me every time.. #glee,joy
"A cheerful heart is good medicine, but a crushed spirit dries up the bones. A wicked man accepts a bribe in secret to pervert  justice.",joy
Watch this amazing live.ly broadcast by @matt.boss  #musicallyjh,joy
"A cheerful heart is good medicine, but a crushed spirit dries up the bones -Proverbs 17:22-",joy
@TheNotoriousMMA looking like @MIckeyRourkeFP in his heyday,joy
I see I'll be hovering over the block button today with much glee.,joy
Am I watching #BacheloretteAU or Zoolander ?  #samvrhys,joy
i started glee from the beginning n i'm crying they were such babies i love my children,joy
Decide to stop being afraid. To just stop. What are you now free to do?\n\n #brave #free #honest #healthy  #life #living  #love,joy
#ThisIsUs has messed with my mind &amp; now I'm anticipating the next episode with #apprehension &amp; ! #isthereahelplineforthis,joy
You have to find a way to top yourself. #glee,joy
"You know, you're pro-actively playful. You want to press your boobs into my face, Tatenashi. I'm not saying no, though. =3",joy
lol! no mention of pak PM or even his speech on any international news channel and pakis are rejoicing as if the world stands with them,joy
@veggiesausage that happens...u will be ok tomorrow cheer it up..Don't give up no no noðŸ˜ðŸ˜ðŸ˜,joy
"Update: I have yet to hang out with @MisElizaJane, but I'm still hopeful! ",joy
â€œThe essential Saltes of Animals may be\nArkhamâ€™s large outfit from any effects he\nI rejoice that you continue in ye,joy
@warmneutrals 'passenger in car next to u cheerfully asks for a cigarette and then directions',joy
"@EtherealMystic_ - felt like he couldn't control â€” and here she was, giving so much of herself, selflessly pleasing him. His groans were -",joy
@TChudhry @fasiranjha lol @ ur caste. even if the whole village dies.. a massali like you cant be a chaudhry:) so cheer up massali :),joy
will i ever get the nerve to quit the restaurant ??? find out tonite on glee!,joy
"#RIP30 Heaven is rejoicing because they've gained an angel, the Keifer family are in my prayers ðŸ’™ðŸ™",joy
@DanLanthier That was exhilarating hockey. They're still out if Russia wins in regulation I'm reading. #fuck,joy
"My boss likes to stand in my office &amp; smile at me like a shark: maliciously gleeful, and ask me how am I as if I have a secret to tell her.",joy
Cross Party Group on Crofting meeting tonight in @ScotParl. Suspect it's going to be a lively meeting....,joy
Watch this amazing live.ly broadcast by @brooks_swaggysquad  #musically,joy
Riggs dumb ass hell lolol  #LethalWeapon,joy
@footballmcd agreed. Memphis looks lively also,joy
Hey NASCAR fans. Are you going to the race in Loudon this weekend?  Why not stop by New Day Diner for a great hearty breakfast before you go,joy
"Had a coworker look at her phone and say, cheerfully, 'oh look, Kap's getting death threats now.' ðŸ™„. Then she goes to say the 49ers are",joy
"Hey u never know, Channel 4's version of #GBBO might actually be quite good. A few adverts aren't the end of the world. #optimism",joy
the prospect of getting choked out by a hot daddy tonight is sorta cheering me up but I also kinda just wanna watch the new AHS episode lol,joy
â€œSet a goal to achieve something that's so big so exhilarating that excites you &amp; scares you at the same time.â€ \nâ€• #BobProctor,joy
@zinabukvic_ cheer up,joy
"My two older boys were elated, my toddler was terrified. I have pics of his poor little face peeping through the hole in the basket.",joy
@SoCalValerie this one was Apples attempt to make muslims happy ðŸ•‹,joy
Tom Phillips being all jovial at the start of this week's show when Joe is strutting out after that video package is quite the juxtaposition,joy
Bring back the heyday #NominateBunkface,joy
"At the regular cheerfulness of any emotion, her own supper, and to give the ladies were soon as they have been entirely at",joy
Blake lively is flawless,joy
"every time a new Anthony Weiner revelation breaks, Bill Clinton says a prayer of thanks that texting/DMing didn't exist in his heyday.",joy
@finkowska just rejoice if you get paid for it.,joy
her; i want a playful relationship\nme; *kicks her off the couch*,joy
#Talking about our #Problems is our greatest #Addiction\n\n#Break the #habit\n\nTalk about ur #Joys\n\n#quote #optimism #problemsolving #behappy,joy
When your rewatching glee and break down in tears all over again. ðŸ˜­ðŸ˜¢ #glee,joy
#food  #Ð´ÐµÐ½ÑŒÐ³Ð¸ #smile   microsoft_.net_framework_4.5.1_full_plus_by_gora,joy
Tip 5: Don't worry about pleasing everyone. #TitanWisdom,joy
"@finkowska @PigletParker they happen. I expect your thumbs were all over the place in glee, interpreting my double negative.",joy
Go follow #beautiful #Snowgang â™¥@Amynicolehill12 â™¥ #Princess #fitness #bodyposi #haircut  #Whitegirlwednesday,joy
@Devilligan It's a beautifully sincere balancing act of grief and hilarity.,joy
@AllredMD @KerryCallen @thismanthispete Kirby's Black Panther in a cool animated panel.,joy
@Bookselenaxxx @Hustler @Bookselenaxxx @Hustler \nðŸ‘…ðŸ’¦ðŸ‘…ðŸ’¦ðŸ‘…ðŸ’¦ðŸ‘…ðŸ’¦ðŸ‘…ðŸ’¦ðŸ‘…that hot pussy unappetizing that delight,joy
"Cover it up with a smile, maybe it'll get better",joy
Currently listening to @ScottFoxonair &amp; @KatCallaghan @Z1035Toronto podcasts!! Can you guys please move to #yvr ?  #missyou,joy
@FoRDaYS14 ðŸ˜³ chewing what? #smile #arcdental #turlock,joy
Laudrup and his evil white companions rejoice.,joy
My ukulele bag has fallen apart. ðŸ˜ WELLL AT LEAST my life hasn't yet!! #Joys\n\n#quote  #problemsolving #behappy,joy
"@JohnDotWhite I remember its heyday, but these ladies range in age from, I'd say, mid-30s to early 70s.",joy
"The point of living, and being an optimist, is to be foolish enough to believe the best is yet to come' - Peter Ustinov #optimism #quote",joy
"@elena_yip My random guesses for you! A potential Amelie, Kenneth of 30 Rock (but YA instead of TV) &amp; maybe w/ the optimism of Lara Jean?",joy
"@SloanTheOtaku Betelgeuse/Sloth was lively, dedicated and tenacious, Regulus/Greed is humbly content and Ley/Gluttony is starving hungry.",joy
@Tomstarling86 He didn't have many chances to show what he can do but looked lively and had a good shot tipped over the bar before the end.,joy
@GNRailUK There's gonna be street parties when you lot leave. Spontaneous rejoicing. Clowns.,joy
@iamnotatwit Or did I lie and cut 5 years off my age to be young and spry and hire-able in Hollywood? #thegoldbergs,joy
"@CohenDS Yell, 'Bye, garbage!' cheerfully after it.",joy
what happened to breezy,joy
Love how cheerful that woman is about storing someone else's furniture for an eternity. I'd have sold it by now. #GrandDesigns,joy
"â€¢Days!'\nHe was itching for a fight..itching for the exhilaration of battle, of almost getting defeated, the adrenaline pumpingâ€¢\n@RojinHitto",joy
theÂ LordÂ turn his face toward you and give you peace. Numbers 6:26 #truth #trust #promise #calm #justice #great #mighty #protected ,joy
Be free and open and breezy! Enjoy! Things won't get any better so get used to it.,joy
Lil reminder that my private account is a delight of shittalking and occasionally NSFW stuff! @AngryArchosaur,joy
"every day i have to think in my mind will this be pleasing to God. my decision making, the way i react, treat ppl, speak, am i pleasing God.",joy
"Trying to loveee somebody, just wanna love somebody right now, guess there's just no pleasing me",joy
Follow me in instagram 1.0.7 #love #TagsForLikes #TFLers #tweegram #photooftheday #20likes #amazing #smile #follow4follow #like4like #look â€¦,joy
don't put famous dex in a tweet with breezy lol chris is that guy dex a bitch lmao n music ass,joy
"Athenian: When mirth is the order of the day, he ought to be honoured most who gives most mirth to the greatest number (Laws)",joy
"The birds chirp , the sun shines and the wind chimes chime. There was once a smile on this face.",joy
@rantking just adding a little levity,joy
@FoRDaYS14 ðŸ˜³ chewing what?  #arcdental #turlock,joy
"@MerenthaProphet - the Hunter in this way, content and joyous in simple, domestic bliss? I cannot wait for word of who you truly are to -",joy
"@_haye_ optimism is he'll lose, that's actually a compromise :P",joy
Misery loves company. The church ought to be a place where it finds none.\n-Pastor Kris Theobald #joy #rejoice,joy
@BrightPigSEO @BrightPigSEO we provide dignified and professional funerals at prices families can afford #satisfied clients #bright pig,joy
#Talking about our #Problems is our greatest #Addiction#Break the #habitTalk about ur #Joys#quote #optimism #problemsolving #behappy,joy
#hate going to the doctor on so many levels but least I can go sleep with a #smile just watched #Dwight on live nation,joy
Do not truck the delight; delight the truck.,joy
@Blancalanka96 thought it'd be fun and it is not fun but on the bright side I don't have to fight for parking,joy
Miami proficiency is like pleasing by what name miami beaches: pIkxb,joy
@suavecitamay sparkling water is nice you know I tried it the other day,joy
@gatewaypundit Mostly animated audience I'd bet...green sceen folk...the ones that don't need air..!,joy
Today's realisation that it was the last time I watch swimming lesson cos I go back to work next week lead to a joyous bedtime. #worstoneyet,joy
Pinterest one dessert... Next thing you know your pinning how to make 27 different visually pleasing mouth watering never gonna make sweets.,joy
I'm worried someday I'll be yelling at my kids and they'll be confused about if or not I'm being serious ðŸ˜­ðŸ˜­ðŸ˜­\n\nI'm too damn playful,joy
@PeteSpencer007 Are you always so relentlessly positive? Your constantly cheerful optimistic disposition starts to grate after a while.,joy
"Mind if I tag along?' She asked cheerfully, sweeping a lock of hair behind her ear. 'I want to see if you've really got â€¢ @DitheringWizard",joy
Pre-prepare direction plays hale and hearty situation an in child's evolvement: CMmyd,joy
only time I am ever cheering for you Johnny,joy
@JackCurryYES he's just lucky...bad pitchers...#WHATEVER...ElKracken is #legit #future #bright #gottawearshades #LetsGoYankees,joy
Being playful as shitðŸ˜¤,joy
Final night shift coming up.  I won't miss it but I will miss my work pals and the hysterical laughter that gets us through the night,joy
@ColMorrisDavis @rolling_2 @realDonaldTrump @pbump He's jubilant to hear the word that he probably uses in secret heard out loud.,joy
"@blackeyed_susie They ain't going away, and I don't want to see them hurt; changing hearts/minds is really our only option, no? #optimism",joy
"I love when my dog is playful, but he really just scratched my face while flailing his paws in excitement and almost tore my nose ring out",joy
@fillegrossiere @PeasParsley @tombrodude bobs burgers is an animated show. Maybe Bob looks like him. They would cast him based on voice too,joy
I take a strange delight from seeing mark Hughes struggle,joy
"@MalYoung @AngelicaMcD I hope to now see some levity, light, romance and happiness come Stitch and Abby's way after such a long hard road.",joy
On the bright side with YouTube heroes leafy will finally get banned,joy
"myself that despite the absolute delight my children and I would feel having a kitten in our home, the misery my husband would feel is more.",joy
"@colmjoconnor well it was after my heyday too I'm afraid, I was expecting 1st baby I reckon. Now aged 15 *gulps* I'm so old :-)",joy
@KMunie7 @KaranEsch Helluva lot more animated than they were for the actual game &gt;.&lt;,joy
backed pats -2.5 10/11 just before #pleasing,joy
backed pats -2.5 10/11 just before ,joy
Loading mirth out to be trusted websites: LKskQUfke,joy
@FOXTV did you use the warblers set from glee on the @BONESonFOX episode about the acapella college kids?,joy
"If I were assured of your eventual destruction I would, in the interests of the public, cheerfully accept my own.' -Sherlock Holmes-",joy
"GKN so lively as well, mad quick",joy
"@AdamCimmering Boro are at the OS before then, they could give the stewards a good work out. Chelsea will get about 8k, will be lively.",joy
@JackCurryYES he's just lucky...bad pitchers...#WHATEVER...ElKracken is #legit #future  #gottawearshades #LetsGoYankees,joy
i mean i guess most of the mean ones are treated as like playful but i want to support yoosung without dating him ;___;,joy
Method into thin out assault corridor thine liveliness: cHd,joy
@niceoneWern @Alotta_Pain the gleesome threesome,joy
"@eachus At least he's willing to discuss, better than most. That and keep the insults light with occasional levity or creative BS-ing,",joy
"@flutterpolitely she is from the heyday 80's -could go either way, writing should be stronger but don't know who will be sacrificed first",joy
Stack up with porthole under way heyday through worthy of faith bull's-eye transportation services: moM,joy
i bet dat dog eating name brand cheerios. cant relate. i eat cheery O's,joy
Well look at the bright side. You found a use for that rope #TipsToSurviveAPowerOutage,joy
@hoemanda69 wtf is tenacious and jubilant,joy
"Dark, dense, and exhilarating come the finale, #HellOrHighWater is a gripping watch.",joy
I wish there were unlimited glee episodes:( so I could watch them forever. #gleegoodbye,joy
A not very young man compiled info on a smiling baby then a mattress created new evil.,joy
Question for all the cheerleaders who ages out!!\nHow to I make my senior year of cheer more memorable,joy
@_Kdddd drop some off at 1133 cheery,joy
which always leads to the kind of hilarity average people will never experience - especially during breakups.,joy
HMS Pinafore' time.\n\nI need some mirth.,joy
@OrbsOfJoy plan a date... like a date u find pleasing or smth. fuckign\n\n10/10. because the child will grow to be a ten out of ten,joy
@johnwintertweet dudes who wanna play some bass but not buy a bass (me) rejoice,joy
@lennyabrahamson May I send you a copy of #HeroTheGreyhound? Either e-book or real paper one! A boy and a greyhound #smiles #tears ,joy
"@CNBCFastMoney Harwood gleeful at these new numbers, bet your money on this reporting...look to lose it...@HillaryClinton liarthiefscoundrel",joy
"If I were assured of your eventual destruction I would, in the interests of the public, cheerfully accept my own.' Sherlock Holmes",joy
"@mehnazt @Mel_Harder I live a life devoid of mirth. Come to think of it, there aren't enough taco bowls in my life, either.",joy
Watch this amazing live.ly broadcast by @haythatjamile8 #lively #musically,joy
@mark_slifer actually maybe we were supposed to die and my donation saved our lives?? #optimism,joy
@_j_sa_ switch out Steve Carrell and put in Kurt from glee then it's accurate,joy
"don't be with some just because they try to drown you in gifts. be with someone who makes you truly happy, without the materialistic things.",joy
"With that draw, the scum must be rubbing their hands with glee! Typical draw for the Woolwich lot!!! #jammygunnerscum",joy
All the fans wanted Man Utd at home in the next round...\nAre you cheering for Northampton or Man Utd right now?\n#lufc,joy
@FlannelJedi This is why I drink and watch You're the Worst as a way to cheer myself up.,joy
"Sometimes he likes to ride arround on people's shoulders or drop on them unexpectedly from vents or doorjambs. Like a big, gleeful spider.",joy
@crumpledlinen he chirp,joy
You have to find a way to top yourself. ,joy
"cluck cluck cluck, wolf wolf wolf , chirp chirp chirp is all I ever hear.",joy
@LeBatardShow #heyday Race war 2016,joy
@buzzlightbeard2 If you don't love yourself... Honesty is the best policy ,joy
"listening to the Oblivion score, drinking coffee, researching for new sci-fi animated project.",joy
@lilymooregrant u used to chirp me for drinking it u hoe,joy
@CNN &amp; @donlemon must be rejoicing ovet #Charlotte protests. \n#NorthCarolina,joy
"342:147 And waxen in their mirth, and neeze, and swear\nA merrier hour was never wasted there.--\n#AMNDBots",joy
@SXMUrbanView @karenhunter @CousinSyl you are so wrong for this!needed levity after that recording,joy
smiling through the stress :) :) :) :) :) :) :( :( :( :( :( :( :(,joy
@honevbee close up shots of my ugly mug as I continue to talk about Blaine years after glee has been dead,joy
Rec'd call 2day from Haitian church we started in Florida some 15yrs ago. Preparing to acquire their own bldg. Wanted me to know. ,joy
Doesn't it just suck when you're so real to someone and try to exhilarate every ounce out of them to only see that they're not down,joy
Positive #psychology research shows salespeople who score in the top 10% for #optimism have 88% &gt; sales than those in top 10% for pessimism.,joy
"Tend the sick, Lord Christ; give rest to the weary, bless the dying, soothe the suffering, pity the afflicted, shield the joyous;",joy
Never make a #decision when you're #angry and never make a #promise when you're . #wisewords,joy
A 'non-permissive environment' is also called a 'battleground' - #MilSpeak ,joy
"No, just tweet pictures of four fictional characters who describe you. One should be an animated character. @sunshinessp411",joy
@israelradioguy @WearingWelcome @SkipBaylessSux U blocking doesnt diminish the hilarity of his observation.Or your child-like response to it,joy
"Meanwhile, the so-called Mâ€™s fans sit there knitting or sleeping not sure which but they certainly arenâ€™t cheering like the other teams fans",joy
"@musicfae15 [He grumbled as he sat atop the sushi bar stool, crossing his arms defiantly, in a playful gesture, though he gave anyone who &gt;",joy
One time I saw Rachel from glee tell someone their job was on a pole and I said that in 5th grade to a boy and he look confused,joy
@Dubai92 try asking for a cheeseburger with only onion &amp; mustard at any #McDonalds ,joy
Fee otherwise tricks: palm oil delegation mt jaunty resident: TZxCHLdAQ,joy
@TheBarmyArmy all the optimism...,joy
The bounty hunter things a bit lively,joy
"@Spotted_H0rse I'm spry, though",joy
mirana told me to shut up when i was singing along to glee...,joy
The Quarterback' wrecks me every time.. ,joy
A former diplomat is quite gleeful about the situation of Pakistan on @TimesNow\nNot quite stiff upper lip of diplomacy seen normally,joy
@ryanwilson2015 That's why compatibility is key as it lowers hedonic volatility.,joy
Halfway to work and I realize I forgot to put on underwear....It's going to be one of those days! #mombrain #toomuchgoingon #longday #breezy,joy
"god, Facebook's design has started to remind me of MySpace in its heyday",joy
Halfway to work and I realize I forgot to put on underwear....It's going to be one of those days! #mombrain #toomuchgoingon #longday ,joy
"Three days off a month with two ex wives and no home could be worse. I don't know how, but it could #oilandgas #optimism",joy
@EngrNabeeel then rejoicing now is a lil' bit prematured dont you thinkðŸ¤”ðŸ¤”ðŸ¤”,joy
"it's so breezy out today, i can't go to back to school night with bare legs like i've had all day",joy
@jellzybean cheer up punkin',joy
@APkrawczynski   Any possibly KG is being bought out as a player so that he can buy in from Glen as a minority owner? ,joy
I saw those dreams dashed &amp;&amp; divided like a million stars in the night sky that I wished on over &amp;&amp; over again ~ sparkling &amp;&amp; broken.,joy
@EducatedNPetty white pricks that were laughing at your use of language won't be crying over your coffin but rejoicing that you're another,joy
Light of day per heyday popularization backfire cinematography: XUcQb,joy
@peachkellipop the whole thread is jovial and fun and then this comment is like FULL of misogyny,joy
"@Nikhilv95 @LydiajaneF I wish, I really, truly wish, that I had just a modicum of your banter. ",joy
@mark_slifer actually maybe we were supposed to die and my donation saved our lives?? ,joy
Misery loves company. The church ought to be a place where it finds none.\n-Pastor Kris Theobald #joy ,joy
"@Spacekatgal @outmagazine Its okay to be trans just rejoice with the trans in the trans way. By the way it's not your business, so why care?",joy
@berniedole looks that way. But let's think about Rohan last week ... #optimism,joy
"At 12:01, Tumblr became sentient. At 1.:02, Tumblr posted gn animated gif about it. At 12:03, Tumblr shipped itself.",joy
#LMFAO @MSNBC 's #racepimp Tamron Hall used the words 'fscts' and 'MSNBC' in the same sentence  #libtard #biasedmedia #neverHillary,joy
Research has determined 70% of #laughter is actually #anxiety.,joy
"@NebulaJoker No, they aren't. Episodes are animated during the week before they air.",joy
@iyaycruz lets see chirp,joy
Val is far too cheery for my liking âœ‹ðŸ»,joy
But i'll be a pity. ðŸ‘ #lively,joy
When your rewatching glee and break down in tears all over again. ðŸ˜­ðŸ˜¢ ,joy
Does anyone remember a movie that is animated in the late 70's called Shame of the Jungle John Bulushi was in it wild if that's your taste,joy
@ItWontCostMuch_ 'Bed done... floor will be done last... curtains! A-hah!' She tried to sound all happy and cheery but she really wasn't.--,joy
@weebtard sparkling water wyd,joy
"The #house no longer echoes with our #laughter. We light up our #memories of the #home and sit in the cold, #waiting. #amwriting #nostalgia",joy
"@blackeyed_susie They ain't going away, and I don't want to see them hurt; changing hearts/minds is really our only option, no? ",joy
#OneSimpleChange: Drink sparkling water instead of soft drinks to steer clear of fructose while still getting a refreshing carbonation kick.,joy
"Dear everyone at HSSU, stop walking with your phones up so I can smile and wave at you and you can smile and wave back :(",joy
$SRPT Why would Etep patients &amp; Mom's advocate for a drug if it did not work? Anyone listen to the Etep MD's @ Adcomm.. all were elated.,joy
Gas prices are hilarious. Cause they're simultaneously super subsidised and taxed,joy
.@POTUS Obama describes his temperament as 'steady &amp; on the buoyant side.',joy
Early morning cheerfulness can be extremely obnoxious #ALDUB62ndWeeksary,joy
Check out this #film Robocoq 301  #shortfilms,joy
Rap that will Cut other raper's throat. Who said that? @Paedeezy #badd #wicked. #bright city lights,joy
Who actually chooses to drink sparkling water ðŸ¤”,joy
f breezy,joy
@bear_ing you asshole... you made me sexually attacked to a animated bear :-P,joy
"Hey @AppleSupport, would be nice to have â€œclick to pauseâ€ or â€œpause when window inactiveâ€ on animated GIFs for macOS Messages app",joy
@CazuaL_WeaR @ScottInSC looks like a book shaped like a gun to me  #itsagunalright,joy
my haters are like crickets. they chirp all day but when I walk past them they shut the fuck up.- @DritaDavanzo (my idol),joy
"@TheDemocrats dilemma, blaiming everything on the Bushes, but acting gleeful over their endorsement. #Election2016 #Trump",joy
"@rubeseatsinfo from here, it's but a short step to biweekly Community Meetings over a hearty meal of soy flakes",joy
The joyful tambourines have ceased. The noise of the jubilant has stopped. The joyful lyre has ceased. -Isaiah 24:8,joy
noah fence but i want a harley quinn or blake lively layout,joy
I truly believe in my heart right now that Satan is rejoicing because we are all against one another,joy
Gloriosa Bazigaga on #Rwanda work: 'I lost relatives in genocide but 15 yrs of peacebuilding has given me optimism it's within our power',joy
@HillaryClinton did you see the gleeful look on @realDonaldTrump 's face when criminal Don King used the 'n' word to denigrate Blacks?,joy
"@TheVulcanSalute , just saw the Save The Day PSA. Why were you in obvious tears doing it? I'd have thought you'd be your cheerful self.",joy
I was cheering for NA team. Now I just want this is over and Gaudreau comes back in one piece. It is getting way too risky,joy
"@alphavenger all chuck seasons, she had that one bright spot with dan, where she was allowed to be smart and kind //and// fashionable",joy
@BbeautifulSoul_ u always gotta attitude tho ... ðŸ˜• cheer up,joy
"Oh that cheery fucking note, good night shit heads X",joy
"categ than GEN &amp;OBC it cost only 100 or nill .i am not against the reservation and i support it,sir minimize the fees #bright fut @PMOIndia",joy
@ClvlndK8 It's so sad! There's always such optimism with a new year. This is...not good. @BuckshotBandit1 @dapostrophearcy,joy
Shanghais chief distracting levity pampa - proper dingle carry away: uUDQujcia,joy
@govph I would like to know about the source of The President's optimism about running the country. I wonder if he can answer my curiosity.,joy
Unixware skydrive-cokie hearty exactment blame online: HEpHXhO,joy
@__Dayo yall dont feel bad.. you are rejoicing... it is what itnis... its always #ColtsNation even when we have 6th string DBs playing ðŸ˜”ðŸ˜”,joy
Harking back to 2012 - DT's challenge to @POTUS...I will give...DT a hearty thank you...if he will release his tax returns....,joy
"So much news about Pakistan, Afghanistan, etc. We need more cheery news about Frybread Stands!!! Everyone in media just so grim.",joy
remember when glee did a take me or leave me cover but it was between two girls who werent even friends why did that do that,joy
I need a bit of #GBBO to cheer me up after a terrible day!,joy
"Logically speaking, this can't be the worst I've ever felt and even if it was then its passing will still be a joyous occasion",joy
I hate when I try to be playful and get shut down lol ...Why so seriousðŸ™,joy
As a photographer this portrait shooting mode on the iPhone 7 Plus is going to frustrate me ~75% of the time but delight ~25% of the time.,joy
Apparently all the money in the world can't buy a single person to tell you not give your own waist a hearty two-handed pinch while onstage.,joy
People always tell me that they don't expect me to have anxiety because I'm generally cheerful and don't act the way they expect me to.,joy
Inquiries into alleged abuses by UK troops in Afghanistan and Iraq and data suggesting a buoyant post-Brexit economy makes the front pages.,joy
"Pinky is so funny n jovial, bt she got emotional n just brought me 2 tears. I felt so bad for her #Ishqbaaaz",joy
@faithstrust @TheeCurrentYear imagine being this stupid for trying to chirp because of some racist prick.,joy
i wonder how gleeful it is to be dumb af and see the world through rose tinted glasses,joy
sparkling or still? #terribledebatequestions,joy
Life izn't about pleasing each others...ðŸ˜•\n\n#hell #with #pleasing,joy
@debutemma I dont have to sit here and take this from u spry young children,joy
"You don't smile and you say you're in love, but that's why I don't love",joy
@iamglenn35 the forth character? No... not gleeful enough...,joy
@emilyycos the other 26 was last night at 2am while i watched the balls i animated bounce for 20 minutes figuring out what was wrong,joy
I meet new people and I had to grow up with the reality that people can be desgusting and fake and so I lost my cheerfulness and started to,joy
Feelings got cheated when I mistook the sparkling ribena to be the normal ribena......,joy
"@david_garrett Quite saddened.....no US dates, no joyous anticipation of attending a DG concert (since 2014). Happy you are keeping busy.",joy
@aradsliff don't know I'm from nj we are the worst on purpose. ,joy
Turns out 'it' wasn't even anything to be concerned about at all. Im happy and a bit frustrated it took so long to get this answer.,joy
@berniedole looks that way. But let's think about Rohan last week ... ,joy
half day tuhday but nah for glee ðŸ˜­,joy
"Three days off a month with two ex wives and no home could be worse. I don't know how, but it could #oilandgas ",joy
@LaurenBrierley2 sparkling water = death,joy
"As the birds begin to chirp, I try to sleep. #Jetlag",joy
"When u /only/ talk 2 me or ask me 'how r things' just 2 get 2 say something u want, 4give me if I'm not elated 2 start a conversation with u",joy
Wanted to get him a cake with sparkling candles but he doesn't like cakeðŸ˜’ðŸ˜’. Ruins everything,joy
"@AdsByFlaherty And you're cheerfully defending a group of unchecked, armed thugs who've shown a history of racism, violence, and lies.",joy
"Sometimes I watch shitty tv to reinforce never giving up cuz if something is that fucking awful on tv, I still stand a chance. #optimism",joy
@Onision @Eugenia_Cooney annoyed by the good loving fans of Onision including myself Is really annoyed at how people just are too cheerful.,joy
"With a jovial Trump on his ass, Don King just publicly told a crowd that 'We need [him] because you will always be a nigger.'  #FuckTrump",joy
Your glee filled Normy dry humping of the most recent high profile celebrity break up is pathetic &amp; all that is wrong with the world today.,joy
@torbalan I still have some shred of optimism. It's rapidly disappearing however...,joy
Studying the phases of oscillation. How jovial. ðŸ˜ðŸ”«,joy
@MaxVenator We've had no foreign policy but have had goofy Secretary of State John Kerry with his devil may care pose and jaunty blue scarf.,joy
It is too fucking bright &amp; too fucking hot outside,joy
Quinn's short hair makes me sad. ,joy
But i'll be a pity. ðŸ‘ ,joy
"Sometimes I watch shitty tv to reinforce never giving up cuz if something is that fucking awful on tv, I still stand a chance. ",joy
"The abysmal ignorance, frivolity and levity of the Italian priests stupefied him.' - Roland Bainton on Luther, #ReformationDay",joy
@SenJohnMcCain @WSJ an 'Honorable Senator' cheering when a cease fire does not hold! PEOPLE DIE AND YOU CHEER! GENOCIDE SUPPORT NOT GOOD!,joy
"Seriously @marksandspencer I'm sick and grumpy and the only thing that's gonna cheer me up is ordering my xmas food, when's it going up? ðŸ˜¢",joy
It's just the lack of company and liveliness out here that makes me bored.,joy
Quinn's short hair makes me sad. #glee,joy
hate overthinking e v e r y t h i n g like i jus' wanna be happy pls,joy
People who cheer for sports teams completely outside of New Jersey or PA piss me off,joy
@DamnPatriot You're a POS for rejoicing in someone's death.,joy
